country_name;country_code;2008_Score;2008_Rank;2009_Score;2009_Rank;2010_Score;2010_Rank;2011_Score;2011_Rank;2012_Score;2012_Rank;2013_Score;2013_Rank;2014_Score;2014_Rank;2015_Score;2015_Rank;2016_Score;2016_Rank;2017_Score;2017_Rank;2018_Score;2018_Rank;2019_Score;2019_Rank;2020_Score;2020_Rank;2021_Score;2021_Rank;2022_Score;2022_Rank;2023_Score;2023_Rank;2024_Score;2024_Rank;2025_Score;2025_Rank;2026_Score;2026_Rank
Afghanistan;AFG;3,089;160;3,112;160;3,025;160;3,036;160;3,098;162;3,135;162;3,083;161;3,182;161;3,254;161;3,338;163;3,534;163;3,577;163;3,545;163;3,559;163;3,444;163;3,096;160;3,076;157;3,092;157;3,106;157
Albania;ALB;1,752;45;1,761;45;1,785;46;1,807;52;1,878;66;1,863;67;1,853;64;1,81;55;1,805;52;1,804;49;1,779;40;1,729;36;1,731;40;1,72;40;1,712;38;1,717;39;1,72;40;1,754;43;1,725;36
Algeria;DZA;2,251;138;2,212;131;2,264;136;2,31;142;2,236;134;2,209;135;2,162;127;2,216;127;2,231;129;2,193;121;2,194;120;2,204;120;2,159;113;2,192;118;2,063;99;2,069;100;2,048;97;1,969;86;2,053;91
Angola;AGO;1,981;95;1,924;80;1,976;90;1,938;85;1,928;77;1,917;85;1,959;96;1,844;61;1,906;77;1,925;77;1,911;79;1,847;64;1,911;73;1,926;73;1,899;67;2,015;90;1,888;62;1,98;89;1,955;78
Argentina;ARG;1,898;73;1,947;86;1,965;86;1,89;68;1,834;61;1,978;98;1,919;80;1,978;92;1,993;94;1,96;84;1,962;85;2,014;94;1,924;76;1,914;68;1,904;70;1,841;54;1,875;60;1,811;52;1,922;72
Armenia;ARM;2,024;108;2,122;123;2,178;130;2,082;116;2,03;106;2,101;118;2,017;111;1,991;94;2,076;113;2,086;111;2,038;104;2,023;97;1,89;71;1,989;88;1,935;77;1,994;86;1,945;80;1,901;72;1,825;51
Australia;AUS;1,412;13;1,439;10;1,423;8;1,46;10;1,487;13;1,458;11;1,419;8;1,517;21;1,548;23;1,523;16;1,532;18;1,545;19;1,562;22;1,579;27;1,649;32;1,609;26;1,561;22;1,604;24;1,602;20
Austria;AUT;1,391;10;1,413;8;1,4;6;1,405;5;1,409;6;1,364;4;1,357;4;1,334;4;1,351;5;1,423;9;1,378;6;1,332;3;1,366;3;1,414;6;1,438;10;1,397;7;1,406;6;1,377;5;1,421;6
Azerbaijan;AZE;2,196;133;2,295;135;2,242;134;2,267;139;2,297;139;2,315;139;2,293;138;2,322;137;2,323;135;2,364;134;2,283;125;2,27;125;2,035;97;2,369;128;2,155;113;2,195;117;2,18;112;2,073;102;2,142;110
Bahrain;BHR;2,025;109;2,037;112;2,011;100;2,079;115;2,295;138;2,124;124;2,13;126;2,186;124;2,239;130;2,267;123;2,283;125;2,232;122;2,174;116;2,122;108;2,169;114;2,165;112;2,05;98;2,114;108;2,131;108
Bangladesh;BGD;1,857;61;1,818;54;1,861;66;1,815;53;1,832;60;1,84;62;1,864;67;1,908;77;1,973;89;1,994;93;2,013;101;2,101;107;2,045;101;2,094;106;2,081;104;2,071;101;2,058;101;2,243;120;2,226;117
Belarus;BLR;2,145;129;2,14;125;2,136;124;2,154;128;2,092;121;2,089;116;2,067;122;2,103;121;2,015;103;1,998;95;2,058;107;1,99;89;1,96;84;2,135;110;2,186;116;2,185;116;2,177;110;2,196;116;2,216;115
Belgium;BEL;1,443;14;1,527;18;1,511;17;1,534;17;1,539;19;1,467;13;1,479;15;1,472;13;1,46;12;1,671;32;1,572;22;1,613;27;1,644;32;1,58;28;1,544;21;1,504;13;1,551;19;1,534;16;1,608;21
Benin;BEN;1,969;92;1,919;79;1,945;80;1,962;90;1,929;79;1,828;59;1,832;58;1,853;66;1,89;69;1,974;87;1,91;77;1,982;86;2,181;118;2,1;107;2,241;122;2,272;120;2,287;122;2,256;121;2,293;122
Bhutan;BTN;1,881;69;1,911;73;1,923;74;1,858;62;1,714;36;1,658;29;1,666;33;1,582;27;1,535;20;1,543;19;1,479;13;1,518;15;1,503;13;1,46;13;1,484;13;1,594;23;1,527;16;1,54;18;1,546;16
Bolivia;BOL;1,977;94;2,009;103;1,979;91;1,891;69;1,969;91;1,955;93;1,975;102;1,941;84;1,884;65;1,955;82;1,998;94;2,019;96;2,034;96;2,001;89;1,946;80;1,95;75;1,98;86;2,021;90;2,054;92
Bosnia and Herzegovina;BIH;1,742;44;1,744;43;1,793;49;1,757;45;1,814;55;1,78;49;1,715;43;1,814;56;1,812;53;1,847;62;1,86;61;1,813;55;1,822;50;1,816;48;1,832;50;1,836;53;1,794;48;1,83;57;1,81;48
Botswana;BWA;1,832;57;1,832;59;1,807;53;1,82;54;1,789;48;1,768;48;1,9;75;1,79;53;1,739;41;1,733;37;1,814;51;1,809;52;1,792;45;1,816;48;1,808;45;1,804;47;1,789;47;1,778;46;1,823;50
Brazil;BRA;2,02;105;1,917;76;1,955;83;1,92;77;1,978;96;1,994;104;2,129;125;2,086;119;2,23;128;2,303;127;2,356;130;2,454;136;2,378;129;2,387;131;2,402;130;2,411;129;2,369;125;2,341;125;2,333;124
Bulgaria;BGR;1,647;30;1,632;27;1,653;28;1,585;23;1,654;29;1,666;31;1,665;32;1,688;34;1,657;31;1,638;28;1,657;29;1,643;31;1,605;25;1,588;29;1,582;27;1,676;33;1,634;29;1,589;22;1,628;26
Burkina Faso;BFA;1,753;46;1,778;46;1,782;44;1,65;34;1,72;37;1,713;38;1,67;35;1,909;78;2,013;100;2,128;116;2,128;116;2,199;118;2,433;134;2,542;139;2,717;146;2,809;148;2,9;154;2,917;152;2,882;149
Burundi;BDI;2,289;140;2,297;136;2,143;126;2,165;130;2,205;130;2,2;133;2,196;130;2,274;131;2,489;143;2,45;140;2,415;135;2,379;132;2,332;127;2,366;126;2,363;126;2,433;132;2,417;130;2,522;135;2,417;129
Cambodia;KHM;1,848;60;1,96;87;1,932;77;1,901;73;1,941;81;1,926;88;1,873;69;2,073;116;1,998;95;1,879;73;1,957;84;1,977;84;1,943;79;1,932;75;1,903;69;1,89;64;1,901;66;1,974;88;2,075;96
Cameroon;CMR;2,033;111;1,981;98;2,016;102;1,933;78;1,859;64;1,805;55;1,887;73;2,27;129;2,292;133;2,363;132;2,452;141;2,599;144;2,622;145;2,734;149;2,705;145;2,681;143;2,704;143;2,695;142;2,634;137
Canada;CAN;1,373;6;1,498;14;1,556;22;1,482;12;1,437;8;1,486;15;1,391;5;1,417;6;1,379;7;1,404;5;1,421;9;1,438;10;1,51;14;1,52;16;1,479;12;1,502;12;1,466;11;1,527;15;1,525;14
Central African Republic;CAF;2,766;156;2,731;153;2,634;151;2,579;151;2,58;150;2,614;152;3,039;160;3,172;160;2,968;157;2,962;158;3,078;159;3,038;159;2,895;156;2,88;155;2,972;157;2,889;153;2,832;149;2,876;151;2,906;150
Chad;TCD;2,557;150;2,591;148;2,588;149;2,278;140;2,261;136;2,144;126;2,249;135;2,301;134;2,385;138;2,462;142;2,436;139;2,502;137;2,517;137;2,527;137;2,574;138;2,645;140;2,616;137;2,603;136;2,769;145
Chile;CHL;1,753;46;1,734;42;1,783;45;1,902;74;1,762;43;1,797;53;1,697;39;1,727;38;1,683;33;1,736;38;1,81;49;1,798;46;1,797;47;1,864;60;1,854;56;1,902;67;1,906;70;1,84;60;1,826;52
China;CHN;2,038;114;2,129;124;2,157;127;1,999;100;1,993;100;2,014;107;2,045;116;2,116;122;2,062;112;2,084;110;2,015;102;1,995;90;1,938;78;2,039;96;2,013;94;2,053;98;2,1;104;2,113;107;2,231;118
Colombia;COL;2,675;153;2,653;150;2,708;153;2,628;152;2,569;148;2,534;149;2,552;150;2,597;146;2,514;144;2,616;145;2,632;147;2,641;147;2,598;143;2,662;145;2,728;148;2,662;141;2,654;140;2,612;137;2,735;141
Costa Rica;CRI;1,672;34;1,65;28;1,715;37;1,839;60;1,817;57;1,811;58;1,8;56;1,753;44;1,757;44;1,746;40;1,797;44;1,832;59;1,741;41;1,786;44;1,801;43;1,782;45;1,779;45;1,79;48;1,86;62
Cote d' Ivoire;CIV;2,14;126;2,087;117;1,992;92;2,262;138;2,321;141;2,144;126;1,968;101;1,961;89;1,973;89;2,118;115;2,07;111;2,007;92;2,007;91;2,068;98;2,072;101;1,928;72;1,956;81;1,962;84;2,061;93
Croatia;HRV;1,67;33;1,691;33;1,631;27;1,62;27;1,626;27;1,575;23;1,555;27;1,614;28;1,586;26;1,66;30;1,661;30;1,622;29;1,591;23;1,559;21;1,526;19;1,581;20;1,571;23;1,606;25;1,619;23
Cuba;CUB;1,994;99;1,997;100;1,995;94;1,991;95;2,013;104;2,012;106;1,997;108;1,992;95;1,998;95;2,01;97;1,979;88;1,996;91;1,959;82;2,032;94;2,075;102;2,04;96;2,056;100;2,062;98;2,139;109
Cyprus;CYP;1,92;80;1,886;67;1,848;61;1,872;64;1,9;72;1,863;67;1,945;90;1,857;67;1,863;62;1,844;61;1,804;47;1,809;52;1,825;51;1,853;58;1,859;59;1,874;60;1,892;63;1,894;71;1,967;80
Czechia;CZE;1,45;15;1,464;12;1,466;11;1,405;5;1,394;4;1,41;5;1,425;9;1,391;5;1,39;8;1,407;6;1,392;8;1,452;12;1,45;10;1,416;7;1,383;5;1,438;9;1,519;15;1,51;12;1,517;13
Democratic Republic of the Congo;COD;2,638;152;2,703;152;2,791;154;2,679;154;2,673;154;2,686;153;2,836;153;2,979;156;2,875;151;2,92;156;3,041;157;2,951;158;2,962;157;3,046;158;3,042;160;3,192;162;3,147;160;3,287;161;3,189;161
Denmark;DNK;1,314;2;1,34;3;1,354;3;1,322;2;1,282;3;1,278;2;1,262;2;1,265;2;1,342;4;1,408;8;1,373;5;1,347;5;1,368;4;1,348;3;1,34;2;1,372;4;1,439;8;1,456;9;1,504;11
Djibouti;DJI;1,984;96;2,053;113;1,943;79;1,937;82;1,927;76;1,894;80;1,94;88;2,032;109;2,102;117;2,066;108;2,155;117;2,111;109;2,141;111;2,086;104;2,193;117;2,12;108;2,223;117;2,132;111;2,098;105
Dominican Republic;DOM;2,033;111;2,036;111;2,115;121;2,099;120;2,06;115;2,036;110;2,029;113;2,011;103;2,016;105;2,038;104;2,003;96;2,029;98;1,959;82;1,948;78;1,994;90;2,029;94;1,995;90;1,947;79;2,038;89
Ecuador;ECU;2,104;124;2,194;128;2,096;117;2,051;109;1,969;91;1,977;97;1,933;86;1,909;78;1,892;71;1,831;57;1,866;65;1,925;77;2,046;102;2,058;97;2,116;110;2,177;113;2,414;129;2,446;132;2,539;135
Egypt;EGY;1,929;82;1,915;74;1,929;76;1,937;82;2,169;127;2,18;132;2,301;140;2,402;142;2,426;141;2,396;137;2,51;142;2,444;135;2,496;136;2,534;138;2,328;124;2,278;121;2,189;114;2,186;115;2,186;113
El Salvador;SLV;1,95;86;1,971;92;2,081;115;2,083;118;2,147;125;2,122;123;2,057;119;2,189;125;2,16;121;2,156;119;2,176;119;2,181;117;2,188;120;2,15;114;2,201;119;2,372;126;2,268;121;2,277;122;2,264;121
Equatorial Guinea;GNQ;1,862;64;1,869;64;1,878;68;1,943;86;1,893;70;1,837;60;1,84;60;1,844;61;1,798;50;1,798;47;1,845;58;1,847;64;1,788;43;1,844;55;1,857;58;1,922;69;1,917;72;1,834;58;1,729;38
Eritrea;ERI;2,544;149;2,596;149;2,517;147;2,497;148;2,514;147;2,466;148;2,545;149;2,521;145;2,561;146;2,646;147;2,61;146;2,58;142;2,613;144;2,594;142;2,547;135;2,521;134;2,467;134;2,439;131;2,412;128
Estonia;EST;1,704;39;1,706;35;1,693;33;1,639;32;1,657;30;1,622;27;1,527;23;1,614;28;1,598;27;1,588;21;1,595;23;1,576;22;1,611;27;1,546;20;1,623;30;1,583;22;1,532;17;1,571;20;1,623;25
Eswatini;SWZ;1,916;77;1,918;77;1,963;84;2,005;102;2,003;101;1,96;94;1,955;94;1,995;97;1,998;95;1,971;86;1,967;86;1,896;72;1,954;80;1,933;76;2,123;111;2,131;109;2,107;105;2,123;110;2,095;104
Ethiopia;ETH;2,241;136;2,267;134;2,271;137;2,213;134;2,316;140;2,315;139;2,197;131;2,213;126;2,21;125;2,373;136;2,445;140;2,428;134;2,421;133;2,804;151;2,891;155;2,891;154;2,783;147;2,668;139;2,648;138
Finland;FIN;1,365;5;1,384;5;1,392;5;1,426;7;1,413;7;1,415;6;1,393;6;1,418;7;1,416;10;1,503;15;1,514;16;1,437;9;1,445;9;1,43;10;1,499;16;1,46;11;1,478;12;1,48;10;1,478;9
France;FRA;1,832;57;1,851;61;1,822;55;1,82;54;1,805;52;1,748;44;1,84;60;1,849;65;2,055;109;2,132;117;1,988;90;2,037;101;2,092;109;1,948;78;1,967;84;2,003;88;2,131;108;2,073;102;2,083;99
Gabon;GAB;1,998;101;2;102;2,041;108;2,068;113;2,033;107;1,975;96;1,977;103;2,028;108;1,998;95;2,101;114;2,157;118;2,157;114;2,164;115;2,076;102;2,042;96;2,094;104;2,213;116;2,218;117;2,086;100
Georgia;GEO;2,505;148;2,774;154;2,6;150;2,333;143;2,236;134;2,174;131;2,04;115;1,975;91;1,949;84;1,995;94;1,913;80;1,932;78;1,961;86;1,972;84;1,993;89;1,952;76;2,009;92;2,046;95;2,066;94
Germany;DEU;1,53;21;1,624;26;1,604;25;1,636;30;1,61;24;1,544;21;1,51;21;1,514;20;1,556;24;1,641;29;1,6;25;1,592;24;1,621;28;1,572;23;1,558;22;1,504;13;1,551;19;1,592;23;1,657;28
Ghana;GHA;1,719;40;1,78;48;1,713;36;1,681;37;1,676;33;1,68;33;1,724;45;1,739;41;1,741;42;1,825;54;1,819;52;1,756;42;1,835;52;1,844;55;1,831;49;1,834;52;1,925;74;1,909;74;1,943;76
Greece;GRC;1,897;72;2,033;108;2,038;107;2,066;112;2,071;116;2,067;115;1,965;100;1,842;60;1,888;68;1,962;85;1,98;89;1,909;74;1,812;49;1,878;63;1,865;62;1,853;57;1,777;44;1,818;55;1,828;53
Guatemala;GTM;2,016;104;2,029;107;1,922;73;1,945;87;2,074;117;1,945;89;1,919;80;1,901;75;2,013;100;1,976;90;1,934;81;2,03;99;2,008;92;2,02;93;1,977;85;2,004;89;2,026;94;1,958;82;2,025;88
Guinea;GIN;2,081;120;2,035;109;2,123;122;2,106;122;2,055;113;2,024;109;2,097;124;2,079;118;2,06;111;2,019;99;2,063;109;2,103;108;2,057;106;2,24;121;2,266;123;2,32;123;2,267;120;2,219;118;2,22;116
Guinea-Bissau;GNB;1,994;99;1,967;89;2,002;97;2,082;116;1,985;97;1,989;103;2,046;117;1,967;90;1,957;86;2,036;102;2,054;106;1,943;81;1,937;77;1,963;81;2,004;93;2;87;1,966;83;2,034;92;2,012;85
Guyana;GUY;1,99;97;1,974;95;1,915;72;1,911;75;1,859;64;1,853;65;1,856;66;1,877;71;1,898;76;1,854;65;1,908;76;1,922;75;1,913;74;2,015;90;1,991;88;1,963;80;1,987;87;2,022;91;2,093;103
Haiti;HTI;2,068;119;2,023;104;1,926;75;1,95;88;1,903;73;1,872;73;1,941;89;2,01;102;2,015;103;1,92;76;2,004;97;2,122;110;2,059;107;2,184;116;2,234;121;2,432;131;2,641;138;2,675;141;2,755;142
Honduras;HND;2,022;107;2,024;105;2,139;125;2,156;129;2,048;111;2,065;114;2,009;110;2,043;110;2,118;118;1,99;92;2,082;112;2,165;115;2,21;122;2,187;117;2,093;106;2,178;115;2,141;109;2,118;109;2,075;96
Hungary;HUN;1,411;12;1,462;11;1,453;10;1,503;14;1,503;15;1,497;16;1,436;11;1,52;22;1,488;16;1,567;20;1,56;20;1,556;21;1,547;18;1,494;14;1,485;14;1,542;17;1,534;18;1,526;14;1,538;15
Iceland;ISL;1,135;1;1,261;1;1,237;1;1,22;1;1,257;1;1,224;1;1,231;1;1,191;1;1,206;1;1,223;1;1,155;1;1,172;1;1,195;1;1,197;1;1,169;1;1,143;1;1,186;1;1,185;1;1,161;1
India;IND;2,345;144;2,399;142;2,456;145;2,481;147;2,347;142;2,418;146;2,407;145;2,372;140;2,37;137;2,407;138;2,379;132;2,505;138;2,571;140;2,572;141;2,439;132;2,367;125;2,371;126;2,34;124;2,409;127
Indonesia;IDN;1,589;26;1,618;25;1,525;20;1,629;28;1,616;25;1,585;24;1,68;37;1,662;32;1,636;29;1,73;36;1,72;33;1,815;57;1,868;64;1,84;54;1,896;65;1,905;68;1,926;75;1,872;66;1,918;69
Iran;IRN;2,419;145;2,379;140;2,359;141;2,456;146;2,477;146;2,346;143;2,235;133;2,283;132;2,227;126;2,341;130;2,342;128;2,524;140;2,712;149;2,678;146;2,675;144;2,751;146;2,601;136;2,653;138;2,759;144
Iraq;IRQ;3,271;161;3,22;161;3,175;161;3,075;161;2,997;160;2,944;159;2,912;156;3,145;158;3,27;162;3,266;162;3,307;161;2,93;157;2,996;159;3,064;159;2,974;158;2,792;147;2,768;145;2,669;140;2,662;140
Ireland;IRL;1,46;17;1,527;18;1,497;14;1,519;15;1,475;11;1,454;10;1,445;13;1,48;15;1,478;14;1,443;10;1,378;6;1,369;7;1,423;8;1,411;5;1,398;6;1,349;3;1,352;2;1,356;4;1,371;5
Israel;ISR;2,705;154;2,69;151;2,702;152;2,664;153;2,621;152;2,548;150;2,476;146;2,699;147;2,616;148;2,579;144;2,584;143;2,587;143;2,638;146;2,453;133;2,558;136;2,673;142;3,17;161;3,209;160;3,124;159
Italy;ITA;1,605;28;1,704;34;1,675;29;1,736;42;1,76;42;1,758;47;1,752;48;1,753;44;1,738;40;1,758;42;1,743;37;1,733;38;1,693;35;1,706;38;1,699;37;1,736;42;1,716;39;1,711;35;1,712;35
Jamaica;JAM;1,813;56;1,811;52;1,841;60;1,934;79;1,965;89;1,885;77;1,87;68;1,831;59;1,818;55;1,799;48;1,787;43;1,808;51;1,877;67;1,849;57;1,885;64;1,897;66;1,892;63;1,889;69;1,919;70
Japan;JPN;1,378;7;1,499;15;1,493;13;1,484;13;1,498;14;1,451;9;1,457;14;1,49;16;1,539;21;1,459;12;1,476;12;1,439;11;1,465;11;1,446;11;1,452;11;1,506;15;1,518;14;1,511;13;1,489;10
Jordan;JOR;1,884;70;1,887;68;1,908;71;1,873;65;1,96;88;1,984;102;1,919;80;1,931;82;1,937;82;2,013;98;1,991;91;1,986;88;1,971;88;1,95;80;1,86;60;1,877;61;1,905;69;1,932;77;1,913;68
Kazakhstan;KAZ;2,083;121;2,119;122;2,103;119;2,099;120;2,083;118;2,017;108;1,96;97;1,873;69;1,883;64;1,899;75;1,867;66;1,836;62;1,867;62;1,925;72;1,826;48;1,964;81;1,867;58;1,791;49;1,771;44
Kenya;KEN;2,162;131;2,244;133;2,163;128;2,142;127;2,157;126;2,207;134;2,244;134;2,355;138;2,335;136;2,32;129;2,282;123;2,332;129;2,385;131;2,366;126;2,338;125;2,419;130;2,412;128;2,48;133;2,447;132
Kosovo;KSV;1,805;54;1,805;51;1,805;51;1,833;58;1,826;59;1,789;51;1,791;55;1,748;43;1,814;54;1,77;44;1,805;48;1,832;59;1,858;60;1,82;50;1,781;41;1,781;44;1,856;56;1,814;54;1,83;54
Kuwait;KWT;1,643;29;1,668;30;1,603;24;1,638;31;1,678;34;1,68;33;1,637;30;1,741;42;1,818;55;1,814;52;1,786;42;1,735;39;1,7;37;1,682;37;1,685;34;1,671;31;1,624;27;1,717;36;1,813;49
Kyrgyz Republic;KGZ;2,126;125;2,091;118;2,004;98;2,18;131;2,231;133;2,134;125;1,919;80;1,943;85;1,984;92;1,936;78;1,905;74;1,858;67;1,888;70;1,8;47;1,942;78;1,926;70;1,836;55;1,812;53;1,853;61
Laos;LAO;1,917;78;1,865;63;1,744;41;1,774;48;1,788;47;1,805;55;1,767;51;1,764;48;1,749;43;1,838;59;1,859;60;1,813;55;1,838;55;1,837;52;1,855;57;1,805;49;1,82;53;1,834;58;1,846;58
Latvia;LVA;1,729;41;1,707;36;1,789;48;1,743;44;1,771;44;1,737;43;1,531;24;1,565;24;1,628;28;1,628;26;1,61;26;1,638;30;1,622;29;1,572;23;1,573;25;1,581;20;1,576;24;1,567;19;1,589;19
Lebanon;LBN;2,332;143;2,414;144;2,261;135;2,182;132;2,229;132;2,383;145;2,489;148;2,512;144;2,452;142;2,446;139;2,431;138;2,411;133;2,379;130;2,488;135;2,397;129;2,381;127;2,474;135;2,516;134;2,435;131
Lesotho;LSO;1,858;63;1,908;72;1,836;58;1,836;59;1,791;49;1,796;52;1,779;53;1,862;68;1,965;87;2,038;104;2,063;109;2,034;100;2,04;99;2,068;98;2;91;2,104;106;2,193;115;2,142;113;2,016;86
Liberia;LBR;1,96;90;2,024;105;2,022;103;2,003;101;1,972;93;1,884;76;1,81;57;2,058;112;1,956;85;2,043;106;1,994;93;1,906;73;1,96;84;2,071;100;2,112;108;2,059;99;2,122;106;2,083;104;2,024;87
Libya;LBY;2,058;117;2,066;116;2,051;110;2,192;133;2,391;144;2,283;138;2,279;136;2,83;150;2,948;155;2,95;157;2,867;154;2,861;154;2,983;158;2,877;154;2,623;140;2,573;138;2,428;133;2,407;128;2,361;125
Lithuania;LTU;1,738;43;1,721;40;1,824;57;1,805;51;1,811;53;1,757;46;1,711;42;1,733;39;1,721;38;1,743;39;1,754;38;1,687;34;1,68;34;1,669;35;1,696;36;1,689;34;1,627;28;1,628;27;1,62;24
Madagascar;MDG;1,573;24;1,717;39;1,904;70;1,861;63;1,821;58;1,882;75;1,766;50;1,785;52;1,78;47;1,789;46;1,838;56;1,751;41;1,788;43;1,891;66;1,839;52;1,823;51;1,832;54;1,848;63;1,849;59
Malawi;MWI;1,766;48;1,714;38;1,737;39;1,618;25;1,742;40;1,754;45;1,668;34;1,759;46;1,827;57;1,848;63;1,854;59;1,804;49;1,872;65;1,876;62;1,864;61;1,926;70;1,941;77;1,866;65;1,994;83
Malaysia;MYS;1,769;49;1,789;50;1,768;42;1,654;35;1,731;38;1,716;39;1,76;49;1,654;31;1,712;37;1,756;41;1,727;35;1,609;26;1,527;16;1,576;25;1,538;20;1,541;16;1,454;10;1,504;11;1,513;12
Mali;MLI;2,151;130;2,091;118;2,1;118;1,994;97;2,005;102;2,281;137;2,394;143;2,26;128;2,261;132;2,363;132;2,429;137;2,566;141;2,572;141;2,732;148;2,849;152;2,868;152;2,87;152;2,94;154;2,996;154
Mauritania;MRT;2,045;115;2,157;126;2,065;113;2,119;124;2,106;122;1,946;90;1,98;105;2,044;111;2,025;107;2,073;109;2,042;105;2,059;104;2,02;95;2,079;103;2,075;102;2,026;92;2,053;99;2,173;114;2,184;112
Mauritius;MUS;1,497;19;1,497;13;1,5;15;1,555;22;1,551;21;1,547;22;1,522;22;1,537;23;1,485;15;1,539;18;1,525;17;1,541;17;1,557;20;1,6;30;1,58;26;1,62;28;1,577;25;1,642;29;1,586;18
Mexico;MEX;2,239;135;2,365;139;2,39;142;2,5;149;2,57;149;2,439;147;2,394;143;2,377;141;2,395;139;2,454;141;2,608;145;2,667;149;2,66;147;2,609;143;2,592;139;2,614;139;2,679;141;2,705;143;2,65;139
Moldova;MDA;1,929;82;1,915;74;1,999;95;1,936;80;1,967;90;1,919;86;1,882;71;1,877;71;1,935;81;1,936;78;1,896;71;1,821;58;1,878;68;1,798;46;1,814;46;1,852;56;1,857;57;1,827;56;1,836;55
Mongolia;MNG;1,847;59;1,93;83;1,855;64;1,757;45;1,753;41;1,805;55;1,671;36;1,686;33;1,724;39;1,686;34;1,727;35;1,759;43;1,717;38;1,714;39;1,774;40;1,765;43;1,708;36;1,722;38;1,692;34
Montenegro;MNE;2,028;110;1,97;91;2,024;104;1,996;99;1,886;68;1,784;50;1,747;47;1,796;54;1,786;49;1,854;65;1,783;41;1,803;48;1,867;62;1,857;59;1,87;63;1,792;46;1,712;38;1,634;28;1,672;30
Morocco;MAR;1,877;66;1,822;55;1,851;63;1,832;57;1,928;77;1,87;72;1,883;72;1,944;86;1,924;80;1,863;69;1,863;62;1,971;83;1,956;81;1,922;71;1,913;71;1,952;76;1,896;65;1,888;68;1,887;65
Mozambique;MOZ;1,81;55;1,785;49;1,805;51;1,917;76;1,89;69;1,874;74;1,948;92;2,017;106;1,896;74;2,036;102;2,06;108;2,165;115;2,179;117;2,301;124;2,396;128;2,359;124;2,331;124;2,406;127;2,383;126
Myanmar;MMR;2,183;132;2,191;127;2,226;133;2,064;111;2,135;124;2,106;121;1,994;107;2,089;120;2,084;114;2,033;101;2,35;129;2,224;121;2,268;124;2,273;122;2,717;146;2,861;151;2,853;151;2,919;153;2,911;151
Namibia;NAM;2,049;116;2,055;114;2,056;111;2,015;105;1,935;80;1,909;83;1,904;76;1,947;87;1,939;83;1,87;70;1,865;64;1,942;80;1,851;58;1,893;67;1,954;82;1,957;78;1,957;82;1,843;62;1,872;63
Nepal;NPL;2,098;123;1,972;93;2,001;96;2,025;108;1,949;84;1,952;92;1,927;84;1,873;69;2,021;106;2,007;96;2,023;103;2,013;93;2,049;103;2,015;90;1,979;86;1,969;84;2,061;102;1,964;85;2,143;111
Netherlands;NLD;1,518;20;1,552;21;1,521;19;1,599;24;1,524;17;1,515;17;1,508;20;1,5;19;1,529;17;1,526;17;1,553;19;1,541;17;1,61;26;1,578;26;1,565;24;1,548;19;1,516;13;1,535;17;1,566;17
New Zealand;NZL;1,328;4;1,326;2;1,32;2;1,326;3;1,269;2;1,316;3;1,31;3;1,314;3;1,319;2;1,358;2;1,291;2;1,294;2;1,41;7;1,417;8;1,36;4;1,373;5;1,389;5;1,348;3;1,343;2
Nicaragua;NIC;1,954;89;1,902;71;1,902;69;1,937;82;1,989;98;1,897;82;1,913;77;1,938;83;1,885;66;1,975;88;1,91;77;2,202;119;2,124;110;2,137;111;2,087;105;2,099;105;2,023;93;2,059;97;2,107;106
Niger;NER;2;102;2,099;120;1,951;81;1,887;67;1,948;83;1,896;81;1,916;78;2,02;107;2,154;120;2,28;124;2,322;127;2,309;127;2,449;135;2,519;136;2,663;142;2,563;137;2,648;139;2,753;145;2,832;146
Nigeria;NGA;2,267;139;2,199;130;2,289;140;2,287;141;2,349;143;2,359;144;2,565;151;2,877;152;2,878;153;2,775;150;2,774;152;2,845;153;2,877;153;2,828;152;2,761;150;2,816;149;2,77;146;2,832;148;2,755;142
North Korea;PRK;2,798;157;2,796;155;2,846;156;2,872;158;2,856;157;2,846;154;2,861;155;2,871;151;2,84;150;2,862;153;2,848;153;2,816;152;2,893;155;2,83;153;2,853;153;2,831;150;2,84;150;2,831;147;2,845;147
North Macedonia;MKD;1,857;61;1,888;70;1,839;59;1,772;47;1,854;63;1,923;87;1,939;87;1,845;63;2,011;99;1,939;80;1,868;67;1,772;45;1,729;39;1,66;34;1,676;33;1,715;38;1,785;46;1,791;49;1,792;46
Norway;NOR;1,382;9;1,416;9;1,421;7;1,429;8;1,398;5;1,466;12;1,434;10;1,42;8;1,423;11;1,445;11;1,458;11;1,49;14;1,537;17;1,506;15;1,506;17;1,594;23;1,652;30;1,693;33;1,688;33
Oman;OMN;1,688;37;1,655;29;1,676;30;1,726;40;1,838;62;1,869;71;1,946;91;2,012;104;1,89;69;1,812;51;1,864;63;1,84;63;1,836;53;1,837;52;1,833;51;1,726;40;1,701;35;1,709;34;1,85;60
Pakistan;PAK;2,617;151;2,912;158;2,892;158;2,861;157;2,877;158;2,889;157;2,844;154;2,972;155;2,91;154;2,834;152;2,743;149;2,77;151;2,781;151;2,715;147;2,663;142;2,721;145;2,694;142;2,767;146;2,919;152
Palestine;PSE;;;;;;;;;;;;;;;;;2,395;139;2,485;143;2,42;136;2,513;139;2,549;139;2,441;132;2,558;136;2,548;136;2,786;148;2,855;150;2,877;148
Panama;PAN;1,786;51;1,823;56;1,971;87;1,898;71;1,881;67;1,849;64;1,928;85;1,926;80;1,847;59;1,808;50;1,802;46;1,849;66;1,836;53;1,889;65;1,845;55;1,858;58;1,944;79;1,922;75;1,976;81
Papua New Guinea;PNG;1,779;50;1,733;41;1,743;40;1,804;50;1,792;50;1,844;63;1,692;38;1,713;37;1,772;46;1,762;43;1,811;50;1,73;37;1,848;57;1,746;42;1,931;74;1,948;74;1,971;84;2,071;101;2,002;84
Paraguay;PRY;1,991;98;1,929;82;2,01;99;1,936;80;1,953;87;2,053;111;2,031;114;2,061;113;1,986;93;1,958;83;1,947;83;1,978;85;1,92;75;1,926;73;1,934;76;1,888;62;1,906;70;1,889;69;1,882;64
Peru;PER;2,033;111;1,979;97;2,036;106;1,995;98;2,041;109;1,982;99;1,986;106;2,075;117;2,056;110;2,03;100;2,007;99;2,018;95;2,044;100;2,145;113;2,171;115;2,164;111;2,178;111;2,11;106;2,12;107
Philippines;PHL;2,065;118;2,099;120;2,13;123;2,139;126;2,134;123;2,102;120;2,173;128;2,176;123;2,185;122;2,29;125;2,371;131;2,254;124;2,163;114;2,207;120;2,134;112;2,084;102;2,081;103;2,063;99;2,092;102
Poland;POL;1,584;25;1,581;22;1,608;26;1,545;20;1,556;22;1,543;20;1,493;18;1,498;18;1,54;22;1,635;27;1,655;28;1,6;25;1,651;33;1,56;22;1,6;28;1,691;35;1,694;34;1,776;45;1,615;22
Portugal;PRT;1,38;8;1,409;7;1,474;12;1,544;19;1,536;18;1,591;25;1,548;26;1,457;11;1,373;6;1,36;3;1,368;4;1,36;6;1,393;5;1,407;4;1,402;7;1,397;7;1,439;8;1,447;8;1,427;7
Qatar;QAT;1,391;10;1,392;6;1,433;9;1,434;9;1,477;12;1,516;18;1,486;16;1,568;25;1,532;18;1,48;13;1,628;27;1,578;23;1,598;24;1,537;19;1,497;15;1,543;18;1,558;21;1,579;21;1,676;31
Republic of the Congo;COG;1,917;78;1,924;80;1,974;88;1,894;70;1,907;74;1,888;79;1,963;99;1,986;93;2,143;119;2,316;128;2,238;122;2,247;123;2,19;121;2,203;119;2,197;118;2,177;113;2,047;96;2,091;105;2,256;120
Romania;ROU;1,595;27;1,588;23;1,72;38;1,648;33;1,621;26;1,669;32;1,615;28;1,574;26;1,675;32;1,61;24;1,571;21;1,616;28;1,56;21;1,622;32;1,742;39;1,666;30;1,744;42;1,761;44;1,788;45
Russia;RUS;2,91;159;2,993;159;2,937;159;2,857;156;2,756;155;2,859;155;2,957;157;2,886;153;2,956;156;2,89;155;2,977;156;2,917;156;2,852;152;2,891;156;2,83;151;3,124;161;3,189;162;3,39;163;3,367;163
Rwanda;RWA;1,907;74;1,887;68;2,015;101;2,009;104;2,046;110;2,154;130;2,083;123;2,061;113;2,096;116;2,094;112;2,107;114;2,154;113;2,184;119;2,155;115;2,067;100;2,202;118;2,231;119;2,134;112;2,2;114
Saudi Arabia;SAU;1,912;76;1,998;101;2,195;131;2,063;110;2,085;119;2,091;117;2,024;112;2,063;115;2,2;123;2,349;131;2,392;134;2,277;126;2,295;126;2,289;123;2,221;120;2,15;110;2,181;113;2,036;93;2,067;95
Senegal;SEN;1,92;80;1,988;99;2,048;109;1,989;94;1,977;95;1,909;83;1,917;79;1,782;51;1,892;71;1,861;68;1,825;53;1,835;61;1,866;61;1,796;45;1,986;87;1,934;73;1,998;91;1,973;87;1,939;75
Serbia;SRB;1,949;84;1,968;90;1,964;85;1,986;93;1,975;94;1,946;90;1,855;65;1,821;57;1,803;51;1,841;60;1,842;57;1,8;47;1,855;59;1,873;61;1,899;67;1,895;65;1,918;73;1,922;75;1,919;70
Sierra Leone;SLE;1,877;66;1,835;60;1,873;67;1,876;66;1,896;71;1,862;66;1,841;62;1,901;75;1,847;59;1,829;56;1,801;45;1,862;68;2,013;93;1,971;83;1,923;72;1,964;81;1,943;78;1,961;83;1,937;74
Singapore;SGP;1,564;22;1,588;23;1,556;22;1,55;21;1,56;23;1,602;26;1,535;25;1,465;12;1,465;13;1,497;14;1,496;15;1,461;13;1,401;6;1,423;9;1,435;9;1,44;10;1,415;7;1,434;7;1,435;8
Slovakia;SVK;1,564;22;1,537;20;1,534;21;1,537;18;1,54;20;1,538;19;1,5;19;1,475;14;1,556;24;1,59;22;1,485;14;1,546;20;1,555;19;1,532;18;1,51;18;1,597;25;1,603;26;1,627;26;1,661;29
Slovenia;SVN;1,326;3;1,356;4;1,359;4;1,371;4;1,445;10;1,445;8;1,438;12;1,421;9;1,338;3;1,374;4;1,335;3;1,332;3;1,319;2;1,333;2;1,34;2;1,314;2;1,356;3;1,401;6;1,369;4
Somalia;SOM;2,758;155;2,837;156;2,857;157;2,856;155;2,904;159;2,883;156;2,825;152;2,891;154;2,875;151;2,867;154;2,902;155;2,862;155;2,888;154;2,94;157;2,897;156;2,902;155;2,885;153;2,845;149;2,973;153
South Africa;ZAF;2,086;122;2,196;129;2,106;120;2,069;114;2,035;108;2,11;122;2,057;119;2,301;134;2,229;127;2,262;122;2,232;121;2,364;131;2,272;125;2,379;129;2,364;127;2,312;122;2,291;123;2,224;119;2,308;123
South Korea;KOR;1,661;32;1,816;53;1,816;54;1,9;72;1,815;56;1,736;42;1,78;54;1,778;49;1,827;57;1,851;64;1,832;55;1,771;44;1,741;41;1,83;51;1,817;47;1,808;50;1,817;52;1,803;51;1,839;57
South Sudan;SSD;;;;;;;;;2,765;156;2,894;158;2,962;158;3,254;162;3,275;163;3,228;161;3,33;162;3,27;162;3,216;162;3,162;161;3,148;161;3,196;163;3,124;159;3,082;156;3,116;158
Spain;ESP;1,7;38;1,779;47;1,822;55;1,739;43;1,669;32;1,691;36;1,658;31;1,619;30;1,642;30;1,617;25;1,77;39;1,72;35;1,696;36;1,643;33;1,644;31;1,633;29;1,691;33;1,652;31;1,654;27
Sri Lanka;LKA;2,462;147;2,556;147;2,541;148;2,09;119;2,058;114;2,004;105;1,957;95;2,005;101;1,892;71;1,816;53;1,826;54;1,879;70;2,056;105;1,972;84;1,946;80;2,047;97;2,028;95;1,955;81;1,91;67
Sudan;SDN;2,817;158;2,847;157;2,83;155;2,876;159;3,005;161;2,972;160;2,97;159;3,001;157;2,984;158;2,822;151;2,768;151;2,664;148;2,772;150;2,802;150;2,86;154;2,956;156;3,192;163;3,177;159;3,195;162
Sweden;SWE;1,455;16;1,513;16;1,5;15;1,52;16;1,519;16;1,472;14;1,489;17;1,492;17;1,532;18;1,592;23;1,596;24;1,534;16;1,517;15;1,526;17;1,561;23;1,613;27;1,653;31;1,723;39;1,732;40
Switzerland;CHE;1,488;18;1,517;17;1,511;17;1,473;11;1,439;9;1,419;7;1,408;7;1,423;10;1,39;8;1,407;6;1,447;10;1,416;8;1,465;11;1,456;12;1,425;8;1,387;6;1,373;4;1,347;2;1,363;3
Syria;SYR;2,021;106;2,063;115;2,085;116;2,107;123;2,585;151;3,087;161;3,124;162;3,162;159;3,174;159;3,198;160;3,204;160;3,174;160;3,147;160;3,078;160;3,021;159;3,003;158;2,97;155;3,046;155;3,067;155
Taiwan;TWN;1,731;42;1,747;44;1,682;31;1,658;36;1,644;28;1,63;28;1,631;29;1,763;47;1,69;34;1,699;35;1,669;31;1,661;32;1,642;31;1,607;31;1,612;29;1,694;36;1,71;37;1,721;37;1,751;42
Tajikistan;TJK;1,96;90;1,975;96;1,994;93;2,02;106;1,99;99;1,967;95;1,952;93;1,898;74;1,971;88;1,885;74;1,896;71;2,06;105;2,002;90;1,878;63;1,958;83;2,033;95;1,801;51;1,749;41;1,799;47
Tanzania;TZA;1,675;36;1,675;32;1,688;32;1,632;29;1,699;35;1,701;37;1,715;43;1,848;64;1,859;61;1,831;57;1,888;69;1,875;69;1,874;66;1,981;86;2;91;1,966;83;1,903;68;1,938;78;2,08;98
Thailand;THA;2,142;128;2,232;132;2,196;132;2,222;135;2,199;129;2,152;129;2,186;129;2,301;134;2,209;124;2,154;118;2,116;115;2,135;111;2,146;112;2,088;105;2,055;98;2,015;90;1,993;89;2,04;94;2,089;101
The Gambia;GMB;1,97;93;1,973;94;1,941;78;1,983;92;2,028;105;2,056;112;2,055;118;2,013;105;2,014;102;2,185;120;1,992;92;2,056;103;2,055;104;2,038;95;1,944;79;1,979;85;1,975;85;1,841;61;1,837;56
Timor-Leste;TLS;2,007;103;1,937;84;1,781;43;1,717;39;1,739;39;1,723;40;1,708;41;1,733;39;1,696;35;1,667;31;1,725;34;1,661;32;1,64;30;1,672;36;1,693;35;1,675;32;1,722;41;1,651;30;1,681;32
Togo;TGO;1,884;70;1,882;66;1,857;65;1,857;61;1,801;51;1,838;61;1,851;63;1,828;58;1,87;63;1,873;72;2,006;98;2,099;106;2,069;108;2,137;111;2,111;107;2,232;119;2,227;118;2,347;126;2,251;119
Trinidad and Tobago;TTO;1,953;88;1,946;85;1,975;89;1,954;89;1,909;75;1,866;69;1,879;70;1,881;73;1,886;67;1,871;71;1,888;69;1,94;79;1,899;72;1,935;77;1,896;65;1,859;59;1,88;61;1,886;67;1,959;79
Tunisia;TUN;1,791;52;1,83;58;1,786;47;1,79;49;1,949;84;1,887;78;2,008;109;2,002;100;2,041;108;2,064;107;2,011;100;2,037;101;2,037;98;2,073;101;2,053;97;2,027;93;1,991;88;2,049;96;1,947;77
Turkiye;TUR;2,243;137;2,392;141;2,282;139;2,23;137;2,225;131;2,342;142;2,284;137;2,359;139;2,586;147;2,687;148;2,749;150;2,714;150;2,694;148;2,638;144;2,745;149;2,716;144;2,708;144;2,715;144;2,605;136
Turkmenistan;TKM;1,863;65;1,855;62;2,033;105;2,006;103;2,049;112;1,983;100;1,962;98;1,956;88;1,979;91;1,98;91;1,999;95;1,982;86;1,994;89;1,967;82;1,933;75;1,889;63;1,928;76;1,859;64;1,903;66
Uganda;UGA;2,305;141;2,309;137;2,28;138;2,223;136;2,198;128;2,15;128;2,212;132;2,273;130;2,248;131;2,366;135;2,282;123;2,315;128;2,351;128;2,384;130;2,493;133;2,449;133;2,394;127;2,337;123;2,42;130
Ukraine;UKR;1,952;87;2,035;109;2,074;114;1,977;91;1,95;86;2,101;118;2,294;139;2,761;149;2,828;149;2,77;149;2,67;148;2,611;145;2,548;138;2,318;125;2,511;134;2,993;157;3,055;156;3,303;162;3,184;160
United Arab Emirates;ARE;1,657;31;1,671;31;1,712;35;1,702;38;1,786;45;1,798;54;1,887;73;1,926;80;1,896;74;1,975;88;1,938;82;1,922;75;2,018;94;2,017;92;2,021;95;2,118;107;1,901;66;1,904;73;1,927;73
United Kingdom;GBR;1,949;84;1,961;88;1,954;82;1,991;95;1,946;82;1,73;41;1,769;52;1,702;35;1,781;48;1,778;45;1,874;68;1,805;50;1,838;55;1,722;41;1,783;42;1,696;37;1,688;32;1,679;32;1,73;39
United States of America;USA;2,432;146;2,429;146;2,404;143;2,414;145;2,422;145;2,266;136;2,387;141;2,3;133;2,311;134;2,293;126;2,383;133;2,335;130;2,393;132;2,485;134;2,432;131;2,386;128;2,417;130;2,438;130;2,535;134
Uruguay;URY;1,674;35;1,71;37;1,703;34;1,619;26;1,66;31;1,663;30;1,707;40;1,705;36;1,709;36;1,685;33;1,677;32;1,743;40;1,796;46;1,78;43;1,806;44;1,804;47;1,77;43;1,751;42;1,754;43
Uzbekistan;UZB;1,907;74;1,918;77;2,063;112;2,024;107;2,005;102;1,983;100;1,978;104;1,992;95;1,911;79;1,826;55;1,902;73;1,887;71;1,878;68;1,918;69;1,843;53;1,959;79;1,797;49;1,781;47;1,726;37
Venezuela;VEN;2,23;134;2,344;138;2,426;144;2,34;144;2,261;136;2,339;141;2,387;141;2,467;143;2,559;145;2,642;146;2,596;144;2,631;146;2,575;142;2,555;140;2,628;141;2,534;135;2,424;132;2,432;129;2,516;133
Vietnam;VNM;1,792;53;1,826;57;1,848;61;1,821;56;1,813;54;1,867;70;1,837;59;1,995;97;1,909;78;1,951;81;1,978;87;1,954;82;1,964;87;1,919;70;1,844;54;1,729;41;1,797;49;1,738;40;1,738;41
Yemen;YEM;2,329;142;2,427;145;2,502;146;2,53;150;2,667;153;2,563;151;2,478;147;2,754;148;3,199;160;3,111;159;3,045;158;3,182;161;3,179;161;3,26;162;3,326;162;3,058;159;3,113;158;3,148;158;3,081;156
Zambia;ZMB;1,88;68;1,881;65;1,798;50;1,728;41;1,787;46;1,689;35;1,744;46;1,779;50;1,76;45;1,854;65;1,907;75;1,812;54;1,798;48;1,983;87;1,93;73;1,846;55;1,869;59;1,953;80;1,992;82
Zimbabwe;ZWE;2,14;126;2,401;143;2,171;129;2,131;125;2,091;120;2,059;113;2,061;121;2,001;99;2,087;115;2,094;112;2,088;113;2,148;112;2,213;123;2,128;109;2,112;108;2,086;103;2,122;106;2,069;100;2,051;90
